CustomerId,Surname,CreditScore,Geography,Gender,Age,Tenure,Balance,NumOfProducts,HasCrCard,IsActiveMember,EstimatedSalary
15600882,Scott,635,Spain,Female,35,7,0,2,1,1,65951.65
15643966,Goforth,616,Germany,Male,45,3,143129.41,2,0,1,64327.26
15597945,Dellucci,636,Spain,Female,32,8,0,2,1,0,138555.46
15750181,Sanderson,553,Germany,Male,41,9,110112.54,2,0,0,81898.81
15789484,Hammond,751,Germany,Female,36,6,169831.46,2,1,1,27758.36
15584518,Arthur,589,Germany,Female,50,5,144895.05,2,1,1,34941.23
15698932,Groves,756,Germany,Male,44,10,137452.09,1,1,0,189543.9
15679145,Chou,706,Spain,Male,57,7,0,1,1,0,17941.16
15611325,Wood,682,Germany,Male,24,9,57929.81,2,0,0,53134.3
15613172,Sun,628,Germany,Male,27,5,95826.49,2,1,0,155996.96
15810845,T'ang,636,France,Male,42,2,0,2,1,1,55470.78
15708710,Ford,525,Spain,Female,37,0,0,1,0,1,131521.72
15726676,Marshall,616,Spain,Male,30,5,0,2,0,1,196108.51
15777892,Samsonova,721,Germany,Male,37,3,107720.64,1,1,1,158591.12
15752047,Trevisano,689,Germany,Male,33,2,161814.64,2,1,0,169381.9
15723488,Watson,668,Germany,Male,47,7,106854.21,1,0,1,157959.02
15764866,Synnot,539,Germany,Female,43,3,116220.5,3,1,0,55803.96
15694717,Ku,544,Germany,Male,37,2,79731.91,1,1,1,57558.95
15750803,Jess,693,France,Female,30,6,127992.25,1,1,1,50457.2
15607178,Welch,850,Germany,Male,38,3,54901.01,1,1,1,140075.55
15787071,Dulhunty,650,Spain,Male,41,9,0,2,0,1,191599.67
15626114,Pearson,429,France,Male,24,4,95741.75,1,1,0,46170.75
15601848,Scott,594,France,Male,35,2,0,2,1,0,103480.69
15598493,Beach,656,France,Male,50,7,0,2,0,1,72143.44
15681081,Marrero,545,Spain,Female,47,5,0,2,1,1,38970.14
15611759,Simmons,850,Spain,Female,57,8,126776.3,2,1,1,132298.49
15583303,Monaldo,593,France,Female,29,2,152265.43,1,1,0,34004.44
15622993,Boyd,709,Germany,Male,28,8,124695.72,2,1,0,145251.35
15689294,Onyemaechi,705,Germany,Male,44,3,105934.96,1,1,0,82463.69
15785611,Onyeoruru,752,Germany,Male,38,3,183102.29,1,1,1,71557.12
15646372,Outhwaite,616,France,Female,66,1,135842.41,1,1,0,183840.51
15806964,Utz,702,France,Male,45,0,80793.58,1,1,1,27474.81
15581197,Ricci,762,France,Female,51,3,99286.98,1,0,1,85578.63
15690134,Hughes,464,Germany,Female,42,3,85679.25,1,1,1,164104.74
15694860,Uspensky,675,France,Female,38,6,68065.8,1,0,0,138777
15794396,Newbold,494,Germany,Female,38,7,174937.64,1,1,0,40084.32
15732778,Templeman,468,Germany,Male,29,1,111681.98,2,1,1,195711.16
15718443,Chibuzo,539,France,Male,39,3,0,2,1,0,36692.17
15633283,Padovano,536,France,Male,35,8,0,2,1,0,64833.28
15714689,Houghton,591,Spain,Male,29,1,97541.24,1,1,1,196356.17
15585865,Westerberg,673,France,Female,38,2,170061.92,2,0,0,134901.34
15662403,Kryukova,622,France,Female,32,6,169089.38,2,1,0,101057.95
15568506,Forbes,524,Germany,Female,31,10,67238.98,2,1,1,161811.23
15752081,Vassiliev,468,France,Female,56,10,0,3,0,1,62256.87
15671256,Macartney,850,France,Female,35,1,211774.31,1,1,0,188574.12
15776223,Davide,597,France,Female,42,4,64740.12,1,1,1,106841.12
15600651,Ijendu,749,France,Male,24,1,0,3,1,1,47911.03
15576352,Revell,586,Spain,Female,57,3,0,2,0,1,6057.81
15722010,Zuyev,621,Spain,Male,53,9,170491.84,1,1,0,35588.07
15714939,Fallaci,484,Germany,Female,34,4,148249.54,1,0,1,33738.27
15603134,Pai,656,Spain,Female,40,10,167878.5,1,0,1,151887.16
15730447,Anderson,629,France,Female,49,4,0,2,1,1,196335.48
15736534,Elkins,742,Germany,Male,33,0,181656.51,1,1,1,107667.91
15629448,Brady,632,Spain,Male,38,1,120599.21,1,1,0,92816.86
15804072,Chen,701,Spain,Female,42,5,0,2,0,0,24210.56
15571973,Chinwemma,776,France,Female,38,2,169824.46,1,1,0,169291.7
15716835,Rossi,546,France,Male,24,8,156325.38,1,1,1,125381.02
15660101,Nnonso,803,France,Male,31,9,157120.86,2,1,0,141300.53
15789158,Nikitina,636,Germany,Male,49,6,113599.74,2,1,0,158887.09
15613319,Rice,793,France,Female,33,0,0,1,0,0,175544.02
15708917,Martin,598,Germany,Male,53,10,167772.96,1,1,1,136886.86
15619708,Harker,745,France,Male,25,5,157993.15,2,1,0,146041.45
15806438,Chiabuotu,580,Germany,Female,42,2,123331.36,1,0,0,103516.08
15585888,Nwokezuike,553,Spain,Female,48,3,0,1,0,1,30730.95
15794916,Pirogov,725,France,Male,41,7,113980.21,1,1,1,116704.25
15697497,She,518,France,Female,45,9,105525.65,2,1,1,73418.29
15777211,Herrera,515,France,Male,65,7,92113.61,1,1,1,142548.33
15585255,Moore,577,France,Male,42,9,0,1,1,0,74077.91
15566091,Thomsen,545,Spain,Female,32,4,0,1,1,0,94739.2
15709295,Wall,697,Spain,Female,25,5,82931.85,2,1,1,128373.88
15620981,Wickham,684,France,Female,48,3,73309.38,1,0,0,21228.34
15671139,Brizendine,694,Spain,Male,39,0,107042.74,1,1,1,102284.2
15753831,Cox,642,Spain,Male,32,7,100433.8,1,1,1,39768.59
15705620,Lu,730,France,Male,34,5,122453.37,2,1,0,138882.98
15570060,Palerma,586,France,Female,43,8,132558.26,1,1,0,67046.83
15664521,David,659,Spain,Male,31,7,149620.88,2,1,1,104533.51
15782899,Ginn,661,Spain,Female,28,7,95357.49,1,0,0,102297.15
15810218,Sun,610,Spain,Male,29,9,0,3,0,1,83912.24
15573086,Millar,564,France,Male,42,7,99824.45,1,1,1,36721.4
15600583,Garner,633,France,Male,31,1,0,1,1,0,48606.71
15717164,Genovese,485,Spain,Male,32,6,102238.01,2,1,1,194010.12
15765014,Mai,547,France,Female,48,1,179380.74,2,0,1,69263.1
15729279,Naylor,718,France,Female,25,4,108691.95,1,1,0,63030.97
15689176,Fabro,663,France,Male,46,3,0,2,0,1,176276.1
15623828,Akobundu,682,France,Male,30,4,0,1,0,1,161465.31
15715003,Ko,625,Spain,Female,49,2,80816.45,1,1,1,20018.79
15790497,Ross,503,Spain,Male,37,6,0,2,0,0,136506.86
15604304,Perry,539,Germany,Female,34,4,91622.42,1,1,1,136603.42
15585198,Bergamaschi,715,France,Male,41,4,94267.9,1,0,1,152821.12
15685309,Souter,669,France,Female,35,7,0,1,1,1,49108.23
15569247,Mitchell,727,Spain,Female,57,1,109679.72,1,0,1,753.37
15566251,Ferrari,618,France,Female,37,5,96652.86,1,1,0,98686.4
15716134,Russo,617,France,Male,40,5,190008.32,2,1,1,107047.92
15702430,Ignatyeva,548,France,Female,35,10,0,1,1,1,31299.71
15795228,Stewart,756,France,Male,37,3,132623.6,1,1,1,58974
15651052,McMasters,399,Germany,Male,46,2,127655.22,1,1,0,139994.68
15724307,Mitchell,780,France,Male,76,10,121313.88,1,0,1,64872.33
15654654,L?,725,Germany,Female,33,7,115182.84,2,1,1,177279.41
15628298,Johnstone,500,Spain,Female,47,8,128486.11,1,1,0,179227.12
15775572,Bergamaschi,531,Germany,Female,42,6,88324.31,2,1,0,75248.75
15616709,Bunton,587,Germany,Female,38,0,132122.42,2,0,0,31730.32
15647402,Wan,628,France,Female,38,3,0,2,1,1,48924.73
15701265,Tretiakov,559,Germany,Female,36,1,104356.94,2,0,1,54184.06
15756539,Marshall,585,Germany,Female,39,7,165610.41,2,0,0,131852.01
15721719,Calabresi,743,France,Male,42,7,77002.2,2,1,1,80428.42
15778287,Ugoji,622,France,Male,35,8,0,2,1,1,131772.51
15658532,Nnamutaezinwa,520,Spain,Female,63,5,162278.32,1,1,1,34765.33
15737748,McWilliam,534,Spain,Female,33,3,151233.62,1,0,0,199336.63
15638806,Blackburn,645,Spain,Male,49,2,0,2,0,0,10023.15
15720702,Shih,789,France,Male,37,3,0,1,1,0,121883.87
15763612,T'an,756,Germany,Male,41,2,124439.49,2,0,1,47093.11
15645778,Reid,670,Spain,Male,42,3,81589.04,1,1,0,188227.8
15714567,Chan,568,Spain,Female,26,6,0,2,0,0,166495.2
15576162,King,615,France,Male,32,7,92199.84,1,1,1,2755.53
15771942,Tikhonov,528,Germany,Female,46,9,135555.66,1,1,0,133146.03
15646276,Metcalfe,831,France,Female,32,2,146033.62,1,1,0,191260.74
15579062,Chu,707,France,Male,32,9,0,2,0,0,30807.02
15774166,Mitchell,607,Germany,Female,24,2,109483.54,2,0,1,127560.77
15596671,Endrizzi,603,Spain,Female,42,8,91611.12,1,0,0,144675.3
15650391,Wallace,633,France,Female,29,7,169988.35,1,1,0,4272
15594862,Aleksandrova,552,France,Male,36,8,0,2,0,0,132547.02
15577274,Genovese,549,Germany,Female,43,3,134985.66,1,1,0,6101.41
15701200,Lucciano,576,France,Male,36,6,0,2,1,1,48314
15602497,Honore,850,Spain,Male,39,6,133214.13,1,0,1,20769.88
15786800,Gould,723,Germany,Male,52,5,131694.97,1,0,1,92873.5
15653595,Ts'ai,796,France,Male,51,6,0,2,0,1,194733.28
15697283,Mackenzie,578,Spain,Male,23,8,0,2,1,0,112124.98
15568106,L?,592,France,Female,38,8,119278.01,2,0,1,19370.73
15779481,Swadling,628,France,Male,34,4,158741.43,2,1,1,126192.54
15576714,Manna,687,Spain,Female,21,8,0,2,1,1,154767.34
15711378,Willis,677,France,Male,38,4,0,2,1,0,187800.63
15662955,Nicholls,697,France,Male,27,8,141223.68,2,1,0,90591.15
15770309,McDonald,656,France,Male,18,10,151762.74,1,0,1,127014.32
15745827,Padovesi,617,France,Male,30,3,132005.77,1,1,0,142940.39
15718944,Artemiev,573,France,Female,37,6,0,2,1,0,193995.37
15777904,Nock,703,France,Female,45,7,0,2,1,1,68831.72
15633233,McFarland,500,France,Male,56,1,100374.58,1,1,0,118490.8
15682356,Veltri,655,France,Female,37,7,111852.84,2,1,0,10511.13
15663441,Golibe,700,Germany,Female,40,4,148571.07,1,1,0,189826.96
15744983,Burgmann,712,Spain,Male,47,1,139887.01,1,1,1,95719.73
15624391,Thomson,595,Spain,Female,30,5,100683.54,1,1,1,178361.04
15734491,Lombardo,676,Spain,Female,36,4,0,2,1,1,3173.31
15730639,Fiorentino,715,France,Male,23,7,139224.92,2,1,0,65057.71
15578603,Alexeieva,584,Germany,Female,54,1,77354.37,1,0,0,138192.98
15704763,Kozlova,523,Germany,Female,39,1,143903.11,1,1,1,118711.75
15701121,Holt,521,France,Male,38,5,110641.18,1,0,1,136507.69
15596397,Kelly,814,France,Female,48,7,0,2,1,1,132870.15
15802256,Yao,439,France,Male,28,7,110976.23,2,1,0,138526.96
15606841,Ibbott,823,France,Male,38,1,0,2,1,0,156603.7
15764170,Pinto,647,Germany,Male,44,4,93960.35,1,1,0,36579.53
15774931,She,452,France,Male,30,7,112935.87,1,1,1,99017.34
15632575,Moore,559,France,Female,70,9,0,1,1,1,122996.76
15590268,Chu,529,Spain,Male,35,5,95772.97,1,1,1,112781.5
15663830,De Luca,563,Spain,Male,32,6,0,2,1,1,19720.08
15566843,Gotch,535,Germany,Male,20,9,134874.4,1,1,1,118825.56
15590606,Saunders,595,France,Male,41,9,0,2,1,0,5967.09
15805637,Hsing,625,France,Male,36,9,108546.16,3,1,0,133807.77
15757931,Fang,804,France,Male,24,3,0,2,1,0,173195.33
15652693,Greco,573,France,Female,26,4,129109.02,1,0,0,149814.68
15600734,Townsend,624,Spain,Male,51,5,174397.21,2,1,1,172372.63
15598088,Ni,559,Spain,Male,25,5,0,2,1,1,163221.22
15732917,Li,729,Germany,Male,46,5,117837.43,1,1,0,104016.61
15606613,Samson,655,France,Female,59,7,0,1,1,0,88958.49
15566494,Fang,487,France,Male,45,2,0,2,1,0,77475.73
15787655,Chu,707,France,Male,47,3,0,2,1,0,174303.29
15747980,Cattaneo,737,Spain,Male,38,6,146282.79,2,1,0,198516.2
15724443,Taylor,703,Germany,Female,29,3,122084.63,1,0,1,82824.08
15744843,K'ung,569,Spain,Female,34,6,144855.34,1,0,0,196555.32
15659931,Ibezimako,637,Germany,Female,55,1,123378.2,1,1,0,81431.99
15757568,Bogolyubov,704,France,Female,45,6,0,1,1,1,137739.45
15613712,Boag,634,Spain,Male,34,1,0,2,1,0,61995.57
15725997,She,660,France,Female,35,6,100768.77,1,1,0,19199.61
15704746,Inman,699,Spain,Male,35,2,167455.66,2,1,1,55324.49
15752488,Emery,733,Spain,Female,31,9,102289.85,1,1,1,115441.66
15763662,Longo,711,Germany,Male,43,2,39043.29,2,1,1,175423.69
15610594,Moss,644,France,Female,37,8,0,2,1,0,20968.88
15670345,Mazzi,785,Germany,Female,33,6,127211.45,1,0,0,191961.83
15780038,Paterson,756,Spain,Male,38,6,119208.85,1,1,0,169763.89
15635078,Chiemela,714,Spain,Male,45,0,124693.48,1,0,1,187194.15
15749019,Wong,545,Germany,Male,45,6,93796.42,2,1,1,162321.26
15806332,Le Gallienne,484,Spain,Female,39,5,0,2,1,1,175224.12
15726186,Genovese,639,Spain,Male,29,4,133434.57,2,1,0,97983.44
15730738,Chiang,786,Spain,Male,31,9,0,2,1,1,18210.36
15595588,Chukwunonso,773,Spain,Female,39,4,0,2,0,1,182081.45
15570004,Tsou,850,France,Male,31,3,0,2,1,0,121866.87
15672374,Pai,672,France,Male,52,8,170008.84,1,0,0,56407.42
15732476,Ifeanyichukwu,600,France,Female,27,3,0,2,0,1,125698.97
15670914,Robe,754,France,Male,38,2,0,2,1,0,180698.32
15613189,Browne,774,France,Female,52,2,56580.93,1,1,0,113266.28
15623196,Morley,686,France,Male,38,6,149238.97,1,1,1,97825.23
15776824,Rossi,714,France,Male,28,6,122724.37,1,1,1,67057.27
15778155,T'ien,520,Germany,Female,31,3,108914.17,1,1,1,183572.39
15752026,Hammer,691,France,Male,58,3,0,1,0,1,194930.3
15569571,Davydova,584,Germany,Female,46,6,87361.02,2,1,0,120376.87
15755178,Ramos,660,France,Male,50,1,0,3,1,1,191849.15
15617197,Chien,524,France,Male,50,4,0,2,1,1,31840.59
15567333,Archambault,712,France,Female,31,7,0,2,1,0,170333.38
15616700,Leach,622,Spain,Female,41,9,0,2,1,1,155786.39
15746564,O'Sullivan,566,France,Male,42,3,108010.78,1,1,1,157486.1
15588446,Udinesi,550,Spain,Male,34,3,0,2,0,0,131281.28
15788946,Anthony,605,Spain,Female,29,3,116805.82,1,0,0,4092.75
15582944,Becker,425,Spain,Female,39,5,0,2,1,0,140941.47
15742272,Ozerova,669,France,Female,44,8,96418.09,1,0,0,131609.48
15767793,Hsu,819,France,Female,38,10,0,2,1,0,30498.7
15797010,Shen,649,France,Female,31,2,0,2,1,0,15200.61
15812628,Dodd,453,Germany,Female,38,8,120623.21,1,1,0,129697.99
15581748,Shen,754,Germany,Male,57,2,101134.87,2,1,1,70954.41
15770420,Dillon,749,Germany,Male,46,10,78136.36,2,1,1,73470.98
15625522,Walker,700,Spain,Male,31,7,0,2,0,1,145151.96
15764351,Yuryeva,668,Germany,Female,59,5,120170.07,1,0,1,50454.8
15705890,Nebechukwu,674,France,Male,45,7,142072.02,1,1,0,37013.29
15585284,Thomson,604,Spain,Female,35,7,147285.52,1,1,1,57807.05
15728773,Hsieh,568,France,Female,47,7,0,2,1,1,45978.39
15600575,Padovano,802,Spain,Male,41,6,0,2,1,0,47322.05
15746139,Enemuo,596,France,Male,33,2,139451.67,1,0,0,63142.12
15792008,Zetticci,555,Spain,Female,26,9,0,2,0,1,158918.03
15774179,Sutherland,487,France,Male,37,6,0,2,1,1,126477.41
15711218,Parry,616,Germany,Male,39,2,121704.32,2,1,0,55556.3
15684801,Abbott,689,France,Male,47,1,93871.95,3,1,0,156878.42
15724423,Wilson,571,France,Female,38,6,107193.82,2,0,0,38962.94
15571059,Martin,734,France,Female,54,3,0,1,1,0,130805.54
15662067,Summers,743,France,Male,40,8,68155.59,1,1,0,94876.65
15628523,Chien,539,France,Female,24,3,0,2,1,1,198161.07
15766609,Jowers,655,France,Female,47,10,0,2,1,0,167778.62
15800890,T'ien,554,France,Female,45,6,0,2,1,1,181204.5
15730688,Yu,548,France,Female,28,8,116755.5,2,1,1,158585.17
15723373,Page,643,Spain,Female,34,8,117451.47,1,1,0,65374.86
15609637,Nkemakolam,652,France,Male,51,7,0,2,0,1,43496.36
15794493,Chimaijem,641,Spain,Male,32,7,0,2,1,1,24267.28
15815236,Chiganu,574,Spain,Male,34,5,0,2,0,0,28269.86
15566689,Chimaoke,554,Spain,Male,66,8,0,2,1,1,116747.62
15678201,Robertson,548,France,Female,46,1,0,1,1,1,104469.06
15667417,Tao,572,France,Male,33,9,68193.72,1,1,0,19998.31
15623502,Morrison,598,Spain,Female,56,4,98365.33,1,1,1,44251.33
15779744,Chou,537,Spain,Male,30,1,103138.17,1,1,1,96555.42
15633854,Sun,654,France,Female,40,3,0,2,1,0,167889.1
15746076,Saunders,506,Spain,Male,50,3,0,2,1,0,12016.79
15605684,Phelan,664,France,Female,31,7,104158.84,1,1,0,134169.85
15737977,Aksyonov,527,France,Female,25,6,0,2,0,1,96758.58
15799626,Donaghy,637,Germany,Male,50,4,126345.55,1,0,1,17323
15572291,Kao,825,France,Male,40,6,132308.22,1,0,0,117122.5
15751333,Atkinson,695,France,Female,36,2,0,2,0,1,167749.54
15763544,Thompson,673,France,Male,47,1,0,2,0,0,108762.16
15633352,Okwukwe,628,France,Female,31,6,175443.75,1,1,0,113167.17
15660147,Dore,493,Spain,Male,32,8,46161.18,1,1,1,79577.4
15802207,Ibezimako,769,Germany,Male,43,4,110182.54,2,1,1,87537.32
15715079,Bold,465,France,Male,41,9,117221.15,1,1,0,168280.95
15688193,Graham,468,France,Male,36,3,61636.97,1,0,0,107787.42
15612092,Palmer,646,Germany,Male,32,8,105397.8,1,1,0,78111.84
15585280,Kinney,649,France,Female,36,2,0,2,0,1,75035.48
15770554,Fraser,769,France,Male,31,4,61297.05,2,1,1,7118.02
15626412,Mort,499,Spain,Male,39,6,0,2,1,1,81409
15787161,Pisani,591,Germany,Male,46,4,129269.27,1,1,0,163504.33
15660505,Romani,735,Germany,Male,46,2,106344.95,1,1,0,114371.33
15700383,Uvarova,763,France,Female,35,7,115651.6,2,1,1,104706.29
15755077,Norton,778,Germany,Female,37,0,105617.73,2,1,1,133699.82
15687270,Iroawuchi,491,Spain,Female,61,8,0,2,0,1,139861.53
15635285,Taylor,647,France,Male,28,8,0,2,1,1,91055.27
15747208,Watt,608,France,Male,50,6,0,1,1,0,93568.77
15571689,Kelechi,740,France,Female,37,5,0,2,1,1,27528.4
15744240,Shen,688,Germany,Female,46,0,74458.25,1,0,1,6866.31
15729689,Chan,754,Germany,Male,35,6,98585.94,2,0,1,106116.84
15807340,O'Donnell,525,Germany,Male,33,4,131023.76,2,0,0,55072.93
15609458,Vincent,797,France,Male,30,10,69413.44,1,1,1,74637.57
15593897,Carr,650,Spain,Male,25,7,160599.06,2,1,1,28391.52
15654959,Hope,670,Spain,Male,67,6,158719.57,1,1,1,118607.4
15657565,Nwokezuike,629,Spain,Female,44,6,125512.98,2,0,0,79082.76
15679983,Garmon,565,France,Male,34,7,0,1,0,0,74593.84
15812616,Enyinnaya,707,France,Female,49,10,0,1,1,0,82967.97
15710978,Palerma,715,Germany,Male,42,2,88120.97,2,1,1,21333.22
15768367,Nebechukwu,781,France,Female,27,7,186558.55,1,1,1,175071.29
15679733,Haugh,796,Germany,Male,40,2,113228.38,2,1,1,46415.09
15783541,Fomina,755,France,Male,31,5,0,2,0,1,194660.78
15582910,Turnbull,514,France,Male,38,4,112230.38,1,1,0,16717.11
15707110,Endrizzi,660,Germany,Male,28,2,170890.05,2,1,0,41758.9
15694805,McIntyre,664,Spain,Male,35,1,115024.5,1,0,1,169665.79
15626985,Yefremova,850,France,Female,39,0,104386.53,1,1,0,105886.77
15762928,Venables,548,Spain,Male,44,8,0,1,1,0,16989.77
15737354,Yin,554,France,Female,48,7,0,2,1,1,63708.07
15658449,Chizoba,695,France,Male,45,9,43134.65,1,0,1,77330.35
15694450,Bianchi,677,France,Male,42,5,99580.13,1,1,0,21007.96
15767894,Ch'ien,741,France,Female,21,9,0,2,0,1,139259.54
15701206,Torreggiani,566,Spain,Male,44,5,0,2,1,0,66462.79
15813894,Bogle,620,Spain,Male,21,9,0,2,0,0,154882.79
15714256,Gerasimov,666,France,Male,30,7,109805.3,1,0,1,163625.56
15779414,Rossi,696,Spain,Male,40,3,153639.11,1,1,1,138351.68
15737071,Tang,639,France,Female,60,5,162039.78,1,1,1,84361.72
15811486,Tang,634,Germany,Female,29,8,130036.21,2,0,1,69849.55
15732307,Lavrentiev,694,Germany,Male,33,4,124067.32,1,1,1,77906.87
15808760,Evseev,603,Spain,Female,42,6,0,1,1,1,90437.87
15607142,Parkin,658,France,Male,32,8,0,1,1,1,80410.68
15659962,McIntosh,637,France,Male,60,3,0,2,1,1,70174.03
15798470,Scannell,764,Spain,Female,48,1,75990.97,1,1,0,158323.81
15643865,Lo Duca,601,France,Female,40,3,92055.36,1,0,1,164652.02
15663964,Pagnotto,561,France,Male,37,5,0,2,1,0,83093.25
15664759,Lamb,675,Spain,Male,32,10,0,2,1,0,191545.65
15625545,Hussey,712,Spain,Male,52,9,0,1,1,1,117977.45
15703437,Chinedum,726,France,Male,34,3,0,2,1,0,196288.46
15636396,Jackson,627,France,Female,35,7,0,2,0,1,193022.44
15579808,Kramer,754,Germany,Female,39,8,129401.87,1,1,1,87684.93
15715597,Onyemauchechi,679,France,Male,36,1,97234.58,1,1,0,188997.08
15747168,Sanders,626,Germany,Female,47,2,103108.8,1,0,1,166475.44
15640922,Demaine,791,France,Female,52,7,0,1,1,1,122782.5
15592078,Davide,590,Germany,Female,27,8,123599.49,2,1,0,1676.92
15740527,Lai,766,Germany,Female,62,7,142724.48,1,0,1,5893.23
15592194,Metcalf,492,France,Female,28,9,0,2,1,0,95957.09
15809901,Johnstone,755,France,Male,36,8,0,2,1,0,176809.87
15766166,Folliero,604,Spain,Male,43,2,145081.72,1,1,1,23881.62
15621205,Olisaemeka,578,France,Male,34,4,175111.11,1,1,1,74858.3
15641312,Paterson,615,France,Male,36,6,0,1,1,1,27011.8
15659234,Y?,494,France,Male,30,3,85704.95,1,0,1,27886.06
15787035,Anderson,602,France,Female,35,8,0,2,1,1,152843.53
15768530,Emery,554,Spain,Female,27,4,0,2,1,1,135083.73
15799964,Campbell,669,Germany,Female,30,7,139872.81,1,1,0,188795.85
15746127,Hort,572,France,Female,47,2,0,2,1,0,36099.7
15604891,Zaytseva,624,Spain,Female,38,8,0,2,1,0,95403.41
15657449,Chukwuma,446,Germany,Male,25,3,136202.78,1,1,0,176743.51
15714240,Ponomarev,712,Spain,Male,74,5,0,2,0,0,151425.82
15580719,Davis,697,France,Female,23,10,0,2,1,1,79734.23
15689492,Benjamin,850,Germany,Male,41,1,176958.46,2,0,1,125806.3
15791780,Ts'ao,706,Germany,Female,48,10,104478.12,3,0,1,158248.71
15713594,French,543,France,Female,32,7,147256.86,1,1,0,112771.95
15680706,Balashov,537,Germany,Male,48,4,131834.8,1,1,0,166476.95
15713505,Harriman,554,France,Male,31,1,0,2,0,1,192660.55
15764448,Mackenzie,837,Germany,Male,35,0,144037.6,1,1,0,145325.32
15583580,Chiawuotu,566,Germany,Female,35,1,123042,1,1,0,66245.44
15576550,Ugochukwu,619,Spain,Female,38,1,0,1,1,0,112442.63
15702380,De Luca,663,Spain,Male,64,6,0,2,0,1,15876.52
15583278,Greece,743,Spain,Female,36,8,92716.96,1,1,1,33693.78
15640421,Conway,811,France,Female,35,7,0,1,1,1,178.19
15722611,Cameron,752,France,Female,53,8,114233.18,1,1,1,51587.04
15811588,Eluemuno,664,Spain,Female,53,7,187602.18,1,1,0,186392.99
15799186,Sagese,632,France,Male,38,4,0,2,0,0,192505.62
15601172,Nelson,672,France,Male,31,6,91125.75,1,1,0,177295.92
15808389,Iheatu,617,France,Female,79,7,0,1,1,1,160589.18
15624596,Trentini,534,France,Female,23,5,104822.45,1,0,1,160176.47
15734438,Kanayochukwu,590,France,Female,29,4,0,2,1,0,121846.81
15573971,Mills,737,France,Male,44,7,0,2,0,0,57898.58
15656263,Teng,764,Spain,Male,29,5,0,2,1,0,65868.28
15573278,Kennedy,743,France,Male,39,6,0,2,1,0,44265.28
15701175,Bruno,493,France,Female,33,8,90791.69,1,1,1,59659.53
15756196,Tsou,682,France,Male,50,6,121818.84,2,0,1,124151.37
15669589,Page,491,Germany,Female,68,1,95039.12,1,0,1,116471.14
15712121,Chidimma,657,Spain,Male,34,5,154983.98,1,1,0,27738.01
15598894,Holt,784,Spain,Male,38,10,122267.85,1,0,0,145759.93
15642709,Feng,474,France,Female,30,9,0,2,0,0,63158.22
15742886,Ford,642,France,Male,26,1,138023.79,2,0,1,117060.2
15721460,Lorenzo,678,France,Male,60,8,185648.56,1,0,0,192156.54
15726250,Hsia,508,France,Female,38,3,166328.65,2,0,1,22614.19
15719624,Hodgson,669,France,Female,38,9,121858.98,1,1,0,130755.34
15675256,Ts'ui,555,Spain,Male,33,5,127343.4,1,0,1,121789.3
15751185,Aparicio,699,Spain,Female,50,0,158633.61,1,1,0,193785.87
15772250,Udegbunam,842,Spain,Male,46,9,0,1,0,0,17268.02
15691910,Lu,663,Spain,Male,30,4,0,3,1,0,101371.05
15607884,Wallace,663,France,Female,39,8,0,2,1,1,101168.9
15783349,Montague,481,Spain,Male,39,1,111233.09,1,1,1,123995.15
15793585,Anderson,675,France,Male,35,8,0,2,1,1,56642.97
15733842,Pirozzi,597,France,Female,24,1,103219.47,1,1,0,60420.07
15684319,Baranova,780,Germany,Female,37,10,95196.26,1,1,0,126310.39
15804038,Quinn,740,France,Male,44,9,0,1,0,1,96528
15602909,Dickson,604,Spain,Female,41,10,0,2,1,1,166224.39
15794187,Young,695,France,Male,36,6,114007.5,2,1,0,118120.88
15645766,Kosisochukwu,634,Spain,Male,25,9,0,2,1,1,8227.91
15624744,Tai,622,Germany,Male,42,9,115766.26,1,0,0,72155.85
15720511,Byrne,547,Germany,Male,41,3,151191.31,1,1,0,175295.89
15774104,Chukwualuka,539,Spain,Male,39,2,0,2,1,1,48189.94
15728564,Lo,682,France,Male,41,6,0,2,0,1,134158.09
15709412,H?,776,Spain,Male,30,6,0,2,0,1,63908.86
15607753,Alexandrova,606,Spain,Female,23,10,70417.79,1,0,1,90896.04
15668283,Gardiner,642,France,Male,48,9,118317.27,4,0,0,78702.98
15624072,Kiernan,669,Spain,Male,22,10,0,2,1,0,176163.74
15668853,Menhennitt,637,Spain,Female,44,0,157622.58,1,1,1,120454.2
15733476,Gonzalez,543,Germany,Male,30,6,73481.05,1,1,1,176692.65
15754301,Bruche,704,France,Male,39,5,0,1,1,0,6416.92
15789055,Watt,635,Spain,Male,35,2,113635.16,1,1,0,90883.12
15693162,Higgins,694,France,Female,29,5,99713.87,1,0,0,112317.89
15748608,Trentini,612,Germany,Male,42,5,141927.1,1,1,1,43018.98
15802390,Willoughby,724,France,Female,34,2,0,2,1,1,118863.38
15659094,Ojiofor,765,Germany,Female,34,8,136729.51,2,0,0,47058.21
15746805,Thomson,597,France,Male,33,9,0,2,1,0,49374.82
15785559,De Luca,678,France,Male,43,1,133237.21,1,1,0,111032.79
15701605,Forster,815,France,Male,37,1,166115.42,1,1,0,67208.3
15713845,Merrett,688,France,Male,38,7,148045.68,1,1,0,175479.92
15651315,Dilke,627,France,Male,41,3,0,2,1,0,132719.8
15583073,Martin,771,Spain,Female,56,2,0,1,1,1,25222.6
15620579,Dunn,695,Spain,Female,31,8,0,2,0,1,131644.41
15684211,Creel,704,Spain,Female,44,9,153656.85,1,1,0,158742.81
15721207,Piazza,625,Germany,Male,42,6,100047.33,1,1,0,93429.95
15797329,Muir,626,France,Male,43,4,137638.69,1,1,0,130442.08
15782758,Ozerova,632,France,Male,40,5,147650.68,1,1,1,199674.83
15662232,Learmonth,675,Germany,Male,42,2,92616.64,2,1,0,8567.18
15737778,Dickson,782,Spain,Female,41,4,0,1,1,0,132943.88
15783522,Mitchell,738,Spain,Female,37,8,100565.94,1,1,1,128799.86
15638607,Nwabugwu,546,France,Female,52,2,0,1,1,0,137332.37
15719017,Donaldson,672,France,Female,34,8,0,2,1,1,16245.25
15661626,Algeranoff,732,Germany,Female,45,6,98792.4,1,1,0,81491.7
15776850,Smith,749,Spain,Female,43,1,124209.02,1,1,1,167179.48
15706217,Kao,645,Germany,Male,28,7,117466.03,2,1,1,34490.06
15610972,Crawford,681,Germany,Female,44,4,91115.76,2,0,0,24208.84
15717527,Ifeanacho,619,France,Female,49,9,145359.99,1,1,0,38186.85
15590327,Liao,604,Germany,Female,42,10,166031.45,1,1,0,98293.14
15646351,Somerville,486,Spain,Male,27,7,0,2,1,0,28823.04
15610379,Barclay-Harvey,599,France,Male,30,9,105443.68,1,1,1,121124.53
15663917,Adams,547,France,Male,43,1,92350.36,1,0,1,80262.91
15753888,Johnston,607,Spain,Female,62,8,108004.64,1,1,1,23386.77
15617419,Roberts,618,Germany,Female,29,10,100315.1,2,1,1,32526.64
15799128,Matthews,608,Spain,Female,38,9,102406.76,1,0,1,57600.66
15569666,Goddard,517,France,Female,45,4,0,1,0,0,172674.36
15757867,Bray,570,France,Female,30,10,176173.52,1,1,0,97045.32
15780142,Wang,632,France,Male,43,2,100013.51,1,1,0,24275.32
15692918,Hsing,604,Germany,Male,36,10,113546.3,1,1,1,134875.37
15718231,Gregory,537,France,Male,28,0,88963.31,2,1,1,189839.93
15723856,Gonzalez,602,France,Female,29,3,88814.4,2,1,1,62487.97
15569759,Rawling,583,France,Female,27,4,0,3,1,0,163113.41
15742609,Lombardo,600,Germany,Male,28,2,116623.31,1,0,1,59905.29
15778089,Stevenson,544,Spain,Male,37,2,0,2,0,0,135067.02
15634295,Wilson,470,France,Male,35,1,96473.59,1,0,0,5962.3
15801296,Farber,634,Germany,Female,37,7,143258.85,2,1,0,192721.98
15625494,Li Fonti,573,France,Female,32,9,125321.84,2,1,1,130234.63
15697045,Pisani,726,Spain,Female,35,9,0,2,0,1,100556.98
15579891,Milani,714,France,Male,52,4,100755.66,1,1,1,186775.25
15623220,Brown,723,Spain,Female,45,4,0,2,1,0,37214.39
15738627,Hussain,768,France,Male,25,6,0,2,1,1,21215.67
15665222,Lettiere,625,Spain,Male,52,8,121161.57,1,1,0,48988.28
15711316,Ch'ang,771,France,Male,27,2,0,2,1,1,199527.34
15738785,Kang,545,France,Male,26,7,0,2,0,1,156598.23
15777896,Chukwudi,850,Germany,Female,33,2,83415.04,1,0,1,74917.64
15742126,Chiu,712,Germany,Male,38,7,132767.66,2,1,1,59115.77
15604813,Zaytseva,494,France,Male,40,7,0,2,0,1,158071.69
15714493,Francis,465,Spain,Female,33,6,0,2,1,1,95500.98
15643359,Carter,736,Spain,Male,32,7,0,1,0,1,79082.62
15672016,Sabbatini,819,France,Male,35,1,0,2,0,1,3385.04
15727605,Shih,533,Germany,Male,43,4,80442.06,2,0,1,12537.42
15769781,Nucci,699,Spain,Female,25,8,0,2,1,1,52404.47
15801942,Chu,619,Spain,Female,41,8,0,3,1,1,79866.73
15718242,Wollstonecraft,725,Germany,Female,47,1,104887.43,1,0,0,86622.56
15682914,Bolton,850,France,Male,34,2,72079.71,1,1,1,115767.93
15682369,Pisano,613,France,Male,47,6,146034.74,1,1,1,77146.14
15803633,T'ien,678,France,Female,46,1,0,2,0,0,82106.19
15614520,Smith,682,France,Female,37,8,148580.12,1,1,0,35179.18
15689328,Harrison,705,Germany,Male,48,9,114169.16,1,0,0,173273.2
15697391,Argyle,604,Spain,Female,34,3,0,2,1,0,38587.7
15608338,Chiemenam,757,Spain,Female,55,9,117294.12,4,1,0,94187.47
15668289,McWilliams,690,Spain,Male,32,2,76087.98,1,0,1,151822.66
15641595,Jonathan,685,Spain,Male,43,4,97392.18,2,1,0,43956.83
15640686,Greco,700,France,Male,46,5,95872.86,1,1,0,98273.01
15566894,Gray,793,France,Male,39,3,137817.52,1,0,0,83997.79
15699335,Kuo,615,Germany,Female,33,3,137657.25,2,1,1,171657.57
15723216,Greco,623,Germany,Male,33,2,80002.33,1,1,1,104079.62
15583371,Artemiev,632,Spain,Male,37,1,138207.08,1,1,0,60778.11
15596011,Artyomova,529,Spain,Male,34,9,0,1,1,1,93208.22
15800233,Okwuadigbo,850,France,Female,40,5,0,2,1,0,35034.15
15626143,Talbot,695,France,Male,37,2,0,2,1,1,99692.65
15693704,Tsou,679,France,Female,24,6,114948.76,2,0,1,135768.25
15656717,Elewechi,687,France,Female,30,6,0,2,0,0,179206.92
15795246,Kaeppel,628,Germany,Female,51,9,155903.82,2,1,1,71159.84
15694143,Conti,686,France,Female,41,10,0,1,1,0,133086.45
15675231,Nwankwo,518,France,Female,45,8,0,2,1,1,36193.07
15732299,Boniwell,756,France,Male,67,4,0,3,1,1,93081.87
15706269,Willis,489,France,Female,47,8,103894.38,2,1,1,107625.46
15792029,Lee,620,France,Male,32,6,0,2,1,0,56139.09
15617331,Sergeyeva,637,Germany,Female,39,3,109698.41,1,1,1,88391.29
15707242,Ibeamaka,504,Spain,Male,40,5,0,2,0,0,146703.36
15797475,Brennan,720,France,Male,44,3,86102.27,1,1,0,180134.88
15789936,T'ao,663,France,Female,33,2,0,2,1,0,153295
15747534,Torkelson,595,France,Male,46,10,0,1,1,0,73489.15
15690332,Wang,647,Germany,Male,35,3,192407.97,1,1,1,40145.28
15785975,Mason,525,Spain,Female,60,7,0,2,0,1,168034.9
15580872,Chinweike,761,Germany,Female,38,1,120530.13,2,1,0,109394.62
15710365,Thomson,646,France,Male,50,0,104129.24,2,1,0,181794.86
15795640,Mai,683,Germany,Female,35,1,132371.3,2,0,0,186123.57
15798709,Gill,588,Spain,Male,32,3,109109.33,1,0,1,4993.94
15665784,She,637,France,Male,27,9,128940.24,1,1,0,46786.92
15655389,Leckie,638,France,Male,41,1,131762.94,1,1,1,47675.29
15586674,Shaw,663,Spain,Female,58,5,216109.88,1,0,1,74176.71
15718588,Meng,548,France,Female,37,9,0,2,0,0,98029.58
15645839,Yudin,570,France,Male,37,6,0,1,1,1,187758.5
15809847,Tan,668,France,Male,46,0,0,2,0,0,29388.02
15685019,Graham,528,France,Male,29,3,102787.42,1,1,0,55972.56
15704209,Noble,802,France,Female,39,7,120145.96,2,0,1,59497.01
15605455,Tai,664,France,Male,40,9,0,2,1,0,194767.3
15811927,Marcelo,733,France,Female,38,3,157658.36,1,0,0,19658.43
15680421,Challis,591,France,Female,42,10,0,2,0,0,171099.22
15724453,Fan,570,France,Male,23,2,0,1,0,0,198830.98
15565878,Bates,631,Spain,Male,29,3,0,2,1,1,197963.46
15650488,Bromley,492,France,Female,48,6,127253.98,1,1,1,92144.09
15598838,Greco,659,France,Female,37,1,151105.68,1,1,1,140934.57
15644856,Bird,556,Spain,Male,38,2,115463.16,1,1,0,150679.65
15778604,Nicholson,571,France,Female,47,7,0,2,0,0,112366.98
15586699,Thomson,825,France,Male,32,9,0,2,0,0,9751.03
15790254,Wood,741,Spain,Male,50,1,78737.61,1,1,1,13018.96
15588123,Horton,677,France,Female,27,2,0,2,0,1,114685.92
15655658,Bulgakov,678,France,Female,48,2,0,2,1,1,32301.88
15737627,Rivero,589,Germany,Female,20,2,121093.29,2,1,0,3529.72
15757467,Feng,563,Spain,Male,57,6,0,2,1,1,39297.48
15789201,Thomson,603,Germany,Female,35,9,145623.36,1,1,0,163181.62
15766183,Ferguson,580,Germany,Male,76,2,130334.84,2,1,1,51672.08
15681509,McKay,679,Spain,Female,28,9,0,2,0,1,61761.77
15603683,Ofodile,796,Spain,Female,23,3,146584.19,2,0,0,125445.8
15654859,Ngozichukwuka,612,Spain,Female,63,2,131629.17,2,1,0,122109.58
15636521,Feng,744,Spain,Female,30,1,124037.28,1,1,1,142210.94
15662152,Trevisan,552,France,Female,38,9,134105.01,1,0,0,57850.1
15664615,Nnachetam,689,Germany,Female,30,5,136650.89,1,1,1,41865.72
15657778,Jefferson,657,France,Male,33,1,84309.57,2,0,0,103914.4
15684440,Monaldo,548,Germany,Male,32,2,98986.28,1,1,1,55867.38
15799785,Ikemefuna,679,Germany,Female,30,4,77949.69,1,1,1,121151.46
15724851,Farmer,507,Germany,Male,31,9,111589.67,1,1,0,150037.19
15587266,Douglas,606,Germany,Female,27,6,172310.33,1,0,1,111448.92
15696361,Chung,648,Germany,Male,31,7,125681.51,1,0,1,129980.93
15578722,Bradley,689,France,Male,39,4,0,2,1,0,196112.45
15567834,Nieves,719,France,Male,49,5,105918.1,1,1,1,16246.59
15717629,Docherty,632,Germany,Male,42,6,59972.26,2,0,1,148172.94
15647191,Lucchesi,677,France,Male,36,4,0,2,1,0,7824.31
15748499,Johnson,550,Germany,Male,33,4,118400.91,1,0,1,13999.64
15599152,Lai,698,France,Male,31,1,156111.24,1,0,0,134790.74
15646563,Wright,772,France,Female,35,9,0,1,0,1,25448.31
15744423,Cocci,561,France,Male,32,5,0,2,1,0,84871.99
15660263,Olisaemeka,622,France,Male,40,4,99799.76,2,1,0,197372.13
15790113,Schofield,609,Germany,Female,71,6,113317.1,1,1,0,108258.22
15646535,Harrell,578,France,Male,46,5,113226.47,1,1,0,56770.76
15785705,Thomson,705,Germany,Female,44,10,106731.58,1,1,0,137419.87
15759387,McIntosh,598,Germany,Male,38,1,101487.18,1,1,1,75959.1
15732943,Okwuoma,574,Spain,Male,36,4,77967.5,1,1,0,167066.95
15748532,Dale,828,Spain,Male,42,10,0,1,1,1,186071.14
15667588,Arcuri,670,Spain,Female,40,3,0,1,1,1,182650.15
15674583,Trevisani,768,France,Male,25,0,78396.08,1,1,1,8316.19
15665374,Dumolo,610,Spain,Female,31,5,0,2,0,0,63736.36
15665014,Middleton,458,Spain,Male,36,5,0,2,1,0,79723.78
15618258,Chizuoke,640,Spain,Male,37,5,158024.38,1,1,0,81298.09
15684358,Kang,711,France,Male,41,3,0,2,1,1,193747.57
15809509,Venables,699,France,Male,29,3,125689.29,1,1,1,151623.71
15566380,Drury,586,Spain,Female,33,10,66948.67,2,1,1,140759.03
15576131,Phillips,666,France,Male,40,5,0,2,1,0,147878.05
15616029,Adams,705,France,Male,32,7,0,2,1,0,7921.57
15581286,Castro,734,France,Female,40,9,176914.8,1,1,1,12799.23
15780492,Ignatyeva,648,France,Male,42,4,0,2,1,0,19283.14
15697201,Yocum,640,Spain,Female,46,3,0,1,1,1,156260.08
15707025,Fang,648,Spain,Female,31,5,0,2,1,1,5199.02
15660571,Halpern,668,Spain,Male,43,10,113034.31,1,1,1,100423.88
15783338,Williams,449,Spain,Male,32,0,155619.36,1,1,1,166692.03
15803538,Douglas,695,Spain,Male,56,1,0,3,1,0,187734.49
15732644,Evans,567,Spain,Female,54,5,92316.31,2,1,0,158590.66
15751227,Ebelegbulam,807,France,Male,47,1,95120.59,1,0,0,127875.1
15686999,Nicholas,556,France,Female,40,8,0,2,1,0,62112.7
15774316,Moretti,630,France,Male,37,6,0,2,1,1,82647.65
15695097,Chiedozie,564,Germany,Female,30,0,100954.88,2,0,0,134175.15
15678206,Yeh,464,France,Male,46,6,161798.53,1,1,0,182944.47
15631406,Munro,459,Germany,Male,50,5,109387.9,1,1,0,155721.15
15771154,North,683,France,Female,73,8,137732.23,2,1,1,133210.44
15733705,Bull,577,France,Female,30,8,92472.1,2,0,1,126434.61
15774551,K?,772,Spain,Male,36,3,112029.83,1,1,1,186948.35
15661656,Onwumelu,633,France,Male,38,2,91902.56,2,1,1,107673.35
15738936,Stevenson,760,Germany,Male,29,5,103607.24,2,0,1,86334.64
15791533,Ch'ien,367,Spain,Male,42,6,93608.28,1,1,0,168816.73
15744127,Kosovich,641,France,Female,37,2,0,2,1,0,3939.87
15689517,Hales,635,France,Male,27,3,127009.83,1,1,0,161909.95
15621004,Chukwuhaenye,603,France,Male,32,7,0,1,1,0,198055.94
15637717,Lockington,704,Germany,Male,41,4,109026.8,2,1,1,43117.1
15670528,Franz,787,Germany,Male,43,0,132217.45,1,1,0,20955.03
15753955,Lori,639,Spain,Male,34,7,149940.04,2,0,0,156648.81
15569626,Miller,577,Spain,Male,35,5,110080.3,1,1,1,109794.31
15727421,Anayolisa,586,France,Female,38,6,0,2,1,1,37935.83
15734737,Bruno,744,France,Male,56,9,0,2,1,1,169498.61
15798737,Chao,654,France,Male,38,8,0,2,1,0,88659.44
15815645,Akhtar,481,France,Male,37,8,152303.66,2,1,1,175082.2
15599976,Bellasis,749,France,Female,27,9,0,2,1,0,132734.87
15752809,De Mestre,702,Spain,Male,43,6,116121.67,1,1,0,61602.42
15592025,Nnaemeka,651,France,Male,53,7,0,2,1,1,130132.41
15745266,Norman,434,Spain,Male,55,6,0,1,0,1,73562.05
15755521,Ma,660,France,Female,48,0,90044.32,2,0,1,187604.97
15675626,Dawson,726,France,Male,28,2,0,1,0,0,98060.51
15689288,Folliero,630,France,Female,26,5,0,2,1,0,182612.38
15642636,Glossop,755,France,Male,29,9,117035.89,1,1,1,21862.19
15806771,Yefremova,753,France,Female,40,0,3768.69,2,1,0,177065.24
15617538,Nwankwo,834,Spain,Male,40,7,0,2,0,0,45038.74
15781127,Giordano,663,Spain,Female,33,8,96769.04,1,1,1,36864.05
15677136,Okwukwe,624,France,Female,23,5,0,2,0,0,132418.59
15743245,Agafonova,624,France,Male,42,3,145155.37,1,1,0,72169.95
15716420,Kelly,612,Spain,Male,39,5,170288.38,1,1,1,59601.15
15796071,Loane,657,Spain,Male,29,7,83889.03,1,1,0,153059.62
15586931,Hunter,694,Spain,Male,39,3,0,1,1,1,95625.03
15794159,Highett,633,France,Female,26,8,124281.84,1,1,1,60116.57
15801915,Rendall,529,France,Female,31,6,152310.55,1,1,0,13054.25
15637829,Sharpe,691,France,Female,34,7,0,2,0,1,161559.12
15646942,Meng,786,Spain,Female,39,7,0,2,0,0,100929.59
15780716,Colombo,686,Germany,Male,39,3,129626.19,2,1,1,103220.56
15672447,Bailey,657,Germany,Male,40,7,99165.84,1,0,1,119333.95
15656141,Ts'ao,741,France,Male,39,5,0,1,0,1,40207.06
15709135,Pirozzi,691,Germany,Male,30,7,101231.77,2,0,0,156529.44
15567437,Emenike,734,Germany,Female,30,7,123040.38,1,1,1,76503.06
15691906,Esposito,664,Germany,Female,49,5,127421.78,2,1,0,108876.75
15646262,Ross,622,France,Male,31,7,0,1,1,0,35408.77
15773973,Hill,765,France,Male,41,2,0,2,0,1,191215.61
15765345,Wood,753,France,Male,35,4,0,2,1,1,106303.4
15718769,Fallaci,557,Spain,Male,36,1,113110.26,1,1,0,98413.1
15626475,Gamble,685,France,Male,30,2,0,2,1,1,140889.32
15707696,Lu,471,Spain,Female,28,5,0,2,1,1,22356.97
15749583,Bellucci,686,Germany,Female,38,2,93569.86,3,0,0,10137.34
15724691,Gordon,712,France,Male,34,1,0,2,1,1,195052.12
15624703,Okonkwo,550,Germany,Male,35,9,129847.75,2,1,0,197325.4
15801605,Rizzo,626,France,Female,39,0,0,2,1,1,83295.09
15657957,Hughes,602,Germany,Female,26,8,113674.2,1,1,0,197861.16
15697129,Ulyanova,706,Spain,Female,43,1,0,2,1,0,31962.77
15742511,Gordon,514,France,Male,35,3,121030.9,1,1,0,10008.68
15685805,Ginikanwa,673,Spain,Female,35,6,0,2,1,0,98618.79
15607990,Gallo,760,Spain,Male,43,6,175735.5,1,1,1,157337.29
15692577,Tomlinson,674,Germany,Female,38,10,83727.68,1,1,0,45418.12
15684934,Rose,726,France,Male,31,9,0,2,1,1,106117.3
15626383,Tang,596,Spain,Male,60,7,121907.97,1,0,1,30314.04
15695299,Mordvinova,590,France,Female,45,2,81828.22,1,1,0,52167.97
15603378,Padovano,768,France,Female,36,3,141334.95,1,0,1,125870.5
15657349,Carter,803,Germany,Female,50,8,98173.02,1,0,0,22457.25
15802560,Moran,470,Spain,Female,48,6,140576.11,1,1,1,116971.05
15610643,De Luca,435,Germany,Male,44,3,151739.65,1,1,0,167461.5
15606901,Graham,728,France,Male,43,7,0,2,1,0,40023.7
15660980,Cairns,597,Spain,Male,38,6,115702.67,2,1,1,25059.05
15737194,Tu,635,France,Female,33,5,0,2,1,0,122949.71
15747974,Sabbatini,614,France,Male,49,1,0,2,1,0,192440.54
15645353,Chubb,607,France,Male,26,1,0,1,1,0,29818.2
15645637,Huggins,798,Germany,Female,39,6,119787.76,1,1,1,164248.33
15628863,Calabresi,601,France,Male,38,4,60013.81,1,1,1,38020.05
15771535,Tsui,794,Spain,Female,37,9,0,2,1,0,68008.85
15611767,Mai,624,Germany,Female,52,0,133723.43,1,0,0,4859.59
15812893,Costa,629,France,Female,39,10,0,2,1,1,43174.49
15624013,Maxwell,541,France,Female,39,6,109844.81,1,1,0,25289.23
15667321,Cocci,644,Spain,Male,49,10,0,2,1,1,145089.64
15749669,Hargreaves,542,France,Female,31,3,0,2,1,1,115217.59
15749265,Carslaw,427,Germany,Male,42,1,75681.52,1,1,1,57098
15584580,Fyodorova,443,France,Male,35,6,161111.45,1,0,0,13946.66
15643330,Chukwuemeka,594,France,Male,37,2,0,2,0,1,95864.5
15656009,McIntyre,736,France,Female,36,6,0,1,1,0,70496.66
15785024,Warner,629,France,Female,40,9,137409.19,1,1,0,175877.7
15739997,Capon,716,France,Female,23,2,94464.81,2,0,1,185900.88
15724648,Chikezie,725,France,Male,26,6,98684.15,1,0,0,133720.57
15737732,Onwuemelie,751,France,Female,44,10,0,2,1,0,170634.49
15666200,Lombardo,689,France,Female,40,1,0,2,1,1,119446.64
15641175,Munro,701,Germany,Male,63,3,120916.52,3,0,0,144727.45
15739248,Lin,727,France,Male,52,4,0,2,1,1,118429.02
15734850,Milanesi,676,Spain,Male,36,1,82729.49,1,1,0,113810.12
15776404,Williamson,523,France,Male,22,8,123374.46,1,1,1,124906.59
15592104,Lane,655,France,Female,41,5,0,1,0,0,36548
15617657,Ts'ai,664,France,Female,36,0,103502.22,1,1,1,146191.82
15701932,Millar,586,France,Female,52,6,140900.97,1,1,1,67288.89
15645600,Obidimkpa,739,Spain,Female,27,8,98926.4,1,1,1,106969.98
15566378,Tillman,515,France,Male,48,5,129387.94,1,0,1,147955.91
15664504,Beede,418,France,Male,35,7,0,2,1,1,88878.15
15581551,Yobachukwu,850,Spain,Male,41,8,132838.07,1,1,1,175347.28
15590337,Golubov,659,France,Male,29,6,123192.12,1,1,1,56971.41
15721715,Fane,769,France,Female,40,9,133871.05,1,1,1,50568.02
15624936,Yen,631,France,Male,35,8,129205.49,1,1,1,79146.36
15653050,Norriss,719,Germany,Female,76,10,95052.29,1,1,0,176244.87
15649211,Fokina,708,Spain,Male,40,8,83015.71,1,1,0,101089.76
15619898,Chiefo,785,France,Male,55,5,0,2,1,1,7008.65
15779973,Gibbons,684,Germany,Male,35,3,99967.76,1,1,1,176882.08
15712264,Plumb,713,France,Female,39,10,0,2,1,1,126263.97
15623566,Barnhill,714,France,Male,40,9,46520.69,1,1,1,96687.25
15724321,Baresi,516,Germany,Female,47,9,128298.74,1,0,0,149614.17
15712536,Fallaci,625,France,Female,36,3,0,2,1,0,41295.1
15701160,Azubuike,556,Germany,Female,43,4,125890.72,1,1,1,74854.97
15609521,Chimaraoke,803,Germany,Male,34,4,142929.16,2,1,1,114869.56
15807245,McKay,699,Germany,Female,41,1,200117.76,2,1,0,94142.35
15619514,Bull,507,Germany,Male,40,3,120105.43,1,1,0,92075.01
15648032,Young,588,Spain,Male,37,2,0,2,0,1,187816.59
15671358,Fletcher,720,France,Male,44,4,0,2,1,0,163471.01
15574584,Fang,670,France,Male,33,8,126679.69,1,1,1,39451.09
15811594,Gordon,660,Spain,Female,28,3,128929.88,1,1,1,198069.71
15655903,Michael,701,Spain,Female,34,6,107980.37,1,1,1,119374.74
15798084,Murray,688,France,Male,26,0,0,2,1,0,105784.85
15603674,Knight,803,France,Male,36,1,0,2,1,1,149370.93
15713604,Rossi,425,Germany,Male,40,9,166776.6,2,0,1,172646.88
15732202,Abramovich,615,France,Male,34,1,83503.11,2,1,1,73124.53
15739850,Trentino,645,France,Male,45,6,155417.61,1,0,1,3449.22
15806455,Miller,611,France,Male,27,7,0,2,1,1,157474.1
15588839,Mancini,606,Spain,Male,30,8,180307.73,2,1,1,1914.41
